SequenceNumber,EventAtUtc,Status,RttMs,SmoothedRttMs,JitterMs,LossFractionSoFar
1,2026-09-13T18:07:36.7668144Z,OnTime,37.363,37.363,0.000,0.0000
1,2026-09-13T18:07:36.7809221Z,Duplicate,,,,0.0000
2,2026-09-13T18:07:36.8718115Z,OnTime,31.171,36.589,0.387,0.0000
3,2026-09-13T18:07:36.9647356Z,OnTime,15.129,33.906,1.365,0.0000
4,2026-09-13T18:07:37.0726595Z,OnTime,15.639,31.623,1.312,0.0000
5,2026-09-13T18:07:37.2149373Z,OnTime,47.843,33.650,3.243,0.0000
6,2026-09-13T18:07:37.3067153Z,OnTime,31.221,33.347,4.079,0.0000
7,2026-09-13T18:07:37.4161151Z,OnTime,32.220,33.206,3.886,0.0000
9,2026-09-13T18:07:37.6203055Z,OnTime,15.755,31.024,4.673,0.0000
8,2026-09-13T18:07:37.6684621Z,Lost,,,,0.1111
10,2026-09-13T18:07:37.7309421Z,OnTime,15.989,29.145,4.395,0.1000
11,2026-09-13T18:07:37.8718651Z,OnTime,47.726,31.468,6.104,0.0909
12,2026-09-13T18:07:37.9511572Z,OnTime,16.168,29.555,7.695,0.0833
13,2026-09-13T18:07:38.0910922Z,OnTime,46.370,31.657,9.102,0.0769
14,2026-09-13T18:07:38.1841856Z,OnTime,30.582,31.523,9.520,0.0714
15,2026-09-13T18:07:38.2928661Z,OnTime,31.957,31.577,9.011,0.0667
16,2026-09-13T18:07:38.4169173Z,OnTime,46.620,33.457,9.364,0.0625
17,2026-09-13T18:07:38.5104860Z,OnTime,30.772,33.122,9.769,0.0588
19,2026-09-13T18:07:38.7277080Z,OnTime,30.773,32.828,9.159,0.0526
18,2026-09-13T18:07:38.7896247Z,Lost,,,,0.1053
20,2026-09-13T18:07:38.8203853Z,OnTime,15.864,30.708,9.518,0.1000
21,2026-09-13T18:07:38.9457137Z,OnTime,32.186,30.892,9.943,0.0952
18,2026-09-13T18:07:38.9758722Z,Late,,,,0.0952
22,2026-09-13T18:07:39.0679577Z,OnTime,46.123,32.796,10.193,0.0909
23,2026-09-13T18:07:39.1778196Z,OnTime,47.499,34.634,9.642,0.0870
24,2026-09-13T18:07:39.2556138Z,OnTime,14.966,32.176,11.073,0.0833
25,2026-09-13T18:07:39.3946829Z,OnTime,47.109,34.042,12.389,0.0800
26,2026-09-13T18:07:39.4879381Z,OnTime,31.360,33.707,12.599,0.0769
27,2026-09-13T18:07:39.5995666Z,OnTime,32.835,33.598,11.904,0.0741
28,2026-09-13T18:07:39.7086045Z,OnTime,31.491,33.335,11.244,0.0714
29,2026-09-13T18:07:39.8318199Z,OnTime,46.111,34.932,11.455,0.0690
30,2026-09-13T18:07:39.9270945Z,OnTime,31.435,34.495,11.657,0.0667
31,2026-09-13T18:07:40.0212893Z,OnTime,16.491,32.244,11.862,0.0645
32,2026-09-13T18:07:40.1285891Z,OnTime,14.948,30.082,11.217,0.0625
33,2026-09-13T18:07:40.2539178Z,OnTime,31.445,30.252,11.547,0.0606
34,2026-09-13T18:07:40.3629120Z,OnTime,30.867,30.329,10.862,0.0588
36,2026-09-13T18:07:40.5801404Z,OnTime,30.861,30.396,10.183,0.0556
35,2026-09-13T18:07:40.5958780Z,Lost,,,,0.0833
35,2026-09-13T18:07:40.6745394Z,Late,,,,0.0811
37,2026-09-13T18:07:40.6904992Z,OnTime,30.763,30.441,9.553,0.0811
38,2026-09-13T18:07:40.7827851Z,OnTime,15.311,28.550,9.921,0.0789
39,2026-09-13T18:07:40.9079767Z,OnTime,31.364,28.902,10.305,0.0769
40,2026-09-13T18:07:41.0090537Z,OnTime,22.275,28.074,10.229,0.0750
41,2026-09-13T18:07:41.1256151Z,OnTime,30.884,28.425,10.127,0.0732
42,2026-09-13T18:07:41.2511263Z,OnTime,47.323,30.787,10.522,0.0714
43,2026-09-13T18:07:41.3600676Z,OnTime,46.333,32.730,9.926,0.0698
44,2026-09-13T18:07:41.4680561Z,OnTime,46.719,34.479,9.330,0.0682
46,2026-09-13T18:07:41.6733817Z,OnTime,32.129,34.185,9.659,0.0652
45,2026-09-13T18:07:41.7192711Z,Lost,,,,0.0870
47,2026-09-13T18:07:41.7969569Z,OnTime,47.058,35.794,9.988,0.0851
48,2026-09-13T18:07:41.8751637Z,OnTime,14.912,33.184,11.373,0.0833
45,2026-09-13T18:07:41.8909989Z,Late,,,,0.0833
50,2026-09-13T18:07:42.1149581Z,OnTime,35.683,33.496,11.960,0.0800
49,2026-09-13T18:07:42.1567686Z,Lost,,,,0.1000
51,2026-09-13T18:07:42.2185521Z,OnTime,30.982,33.182,11.507,0.0980
52,2026-09-13T18:07:42.3265241Z,OnTime,31.598,32.984,10.826,0.0962
53,2026-09-13T18:07:42.4338171Z,OnTime,31.177,32.758,10.176,0.0943
54,2026-09-13T18:07:42.5255777Z,OnTime,15.682,30.624,10.508,0.0926
55,2026-09-13T18:07:42.6496399Z,OnTime,31.154,30.690,10.818,0.0909
56,2026-09-13T18:07:42.7583917Z,OnTime,31.206,30.754,10.145,0.0893
58,2026-09-13T18:07:42.9960293Z,OnTime,49.380,33.083,10.647,0.0862
57,2026-09-13T18:07:43.0247152Z,Lost,,,,0.1034
60,2026-09-13T18:07:43.1960163Z,OnTime,31.002,32.822,11.130,0.1000
59,2026-09-13T18:07:43.2118251Z,Lost,,,,0.1167
61,2026-09-13T18:07:43.2892481Z,OnTime,15.789,30.693,11.386,0.1148
59,2026-09-13T18:07:43.3044960Z,Late,,,,0.1148
62,2026-09-13T18:07:43.4267011Z,OnTime,46.300,32.644,12.581,0.1129
63,2026-09-13T18:07:43.5336051Z,OnTime,46.328,34.355,11.796,0.1111
64,2026-09-13T18:07:43.6115147Z,OnTime,15.860,32.043,12.963,0.1094
65,2026-09-13T18:07:43.7198854Z,OnTime,16.104,30.050,12.168,0.1077
66,2026-09-13T18:07:43.8425960Z,OnTime,29.997,30.044,12.276,0.1061
67,2026-09-13T18:07:43.9677968Z,OnTime,47.187,32.187,12.583,0.1045
68,2026-09-13T18:07:44.0782436Z,OnTime,47.799,34.138,11.835,0.1029
69,2026-09-13T18:07:44.1547166Z,OnTime,15.143,31.764,13.136,0.1014
71,2026-09-13T18:07:44.3726889Z,OnTime,15.351,29.712,12.328,0.0986
70,2026-09-13T18:07:44.4504883Z,Lost,,,,0.1127
73,2026-09-13T18:07:44.6062778Z,OnTime,31.377,29.920,12.559,0.1096
72,2026-09-13T18:07:44.6372075Z,Lost,,,,0.1233
74,2026-09-13T18:07:44.7151827Z,OnTime,31.512,30.119,11.783,0.1216
76,2026-09-13T18:07:44.9342670Z,OnTime,31.602,30.305,11.052,0.1184
75,2026-09-13T18:07:44.9485848Z,Lost,,,,0.1316
77,2026-09-13T18:07:45.0279462Z,OnTime,16.386,28.565,11.312,0.1299
79,2026-09-13T18:07:45.2612145Z,OnTime,31.059,28.877,11.522,0.1266
78,2026-09-13T18:07:45.3234241Z,Lost,,,,0.1392
80,2026-09-13T18:07:45.3702738Z,OnTime,30.827,29.120,10.817,0.1375
82,2026-09-13T18:07:45.5885907Z,OnTime,30.046,29.236,10.190,0.1341
81,2026-09-13T18:07:45.6347061Z,Lost,,,,0.1463
83,2026-09-13T18:07:45.6818477Z,OnTime,15.136,27.474,10.485,0.1446
81,2026-09-13T18:07:45.7446842Z,Late,,,,0.1446
84,2026-09-13T18:07:45.8238074Z,OnTime,47.402,29.965,11.846,0.1429
85,2026-09-13T18:07:45.9324169Z,OnTime,46.057,31.976,11.190,0.1412
85,2026-09-13T18:07:45.9324808Z,Duplicate,,,,0.1412
87,2026-09-13T18:07:46.1196991Z,OnTime,14.826,29.832,12.442,0.1379
86,2026-09-13T18:07:46.1971224Z,Lost,,,,0.1494
89,2026-09-13T18:07:46.3687853Z,OnTime,46.582,31.926,13.649,0.1461
88,2026-09-13T18:07:46.3846479Z,Lost,,,,0.1573
90,2026-09-13T18:07:46.4464044Z,OnTime,15.646,29.891,14.730,0.1556
91,2026-09-13T18:07:46.5706995Z,OnTime,30.099,29.917,14.712,0.1538
92,2026-09-13T18:07:46.6658811Z,OnTime,16.281,28.213,14.657,0.1522
93,2026-09-13T18:07:46.7748534Z,OnTime,16.328,26.727,13.743,0.1505
94,2026-09-13T18:07:46.8985186Z,OnTime,31.294,27.298,13.820,0.1489
95,2026-09-13T18:07:46.9930136Z,OnTime,15.528,25.827,13.942,0.1474
96,2026-09-13T18:07:47.1179031Z,OnTime,30.464,26.406,14.004,0.1458
97,2026-09-13T18:07:47.2115389Z,OnTime,16.031,25.109,14.031,0.1443
98,2026-09-13T18:07:47.3182865Z,OnTime,15.749,23.939,13.171,0.1429
99,2026-09-13T18:07:47.4262916Z,OnTime,15.812,22.923,12.352,0.1414
100,2026-09-13T18:07:47.5675225Z,OnTime,46.281,25.843,13.484,0.1400
102,2026-09-13T18:07:47.7718424Z,OnTime,31.304,26.526,13.578,0.1373
101,2026-09-13T18:07:47.8200246Z,Lost,,,,0.1471
103,2026-09-13T18:07:47.8659967Z,OnTime,15.806,25.186,13.698,0.1456
104,2026-09-13T18:07:47.9739428Z,OnTime,15.513,23.977,12.860,0.1442
101,2026-09-13T18:07:48.0212654Z,Late,,,,0.1442
106,2026-09-13T18:07:48.2224129Z,OnTime,46.883,26.840,14.017,0.1415
105,2026-09-13T18:07:48.2535186Z,Lost,,,,0.1509
107,2026-09-13T18:07:48.3162885Z,OnTime,31.916,27.475,14.076,0.1495
108,2026-09-13T18:07:48.4079281Z,OnTime,15.421,25.968,14.227,0.1481
108,2026-09-13T18:07:48.4079849Z,Duplicate,,,,0.1481
109,2026-09-13T18:07:48.5486408Z,OnTime,46.900,28.584,15.306,0.1468
110,2026-09-13T18:07:48.6425536Z,OnTime,30.864,28.869,15.351,0.1455
111,2026-09-13T18:07:48.7499650Z,OnTime,31.110,29.150,14.407,0.1441
112,2026-09-13T18:07:48.8427193Z,OnTime,15.521,27.446,14.481,0.1429
112,2026-09-13T18:07:48.8430767Z,Duplicate,,,,0.1429
113,2026-09-13T18:07:48.9682730Z,OnTime,31.340,27.933,14.565,0.1416
114,2026-09-13T18:07:49.0625517Z,OnTime,16.085,26.452,14.608,0.1404
115,2026-09-13T18:07:49.1871174Z,OnTime,31.463,27.078,14.656,0.1391
116,2026-09-13T18:07:49.2978692Z,OnTime,31.748,27.662,13.758,0.1379
117,2026-09-13T18:07:49.4065697Z,OnTime,31.007,28.080,12.944,0.1368
118,2026-09-13T18:07:49.4997138Z,OnTime,15.108,26.459,13.129,0.1356
119,2026-09-13T18:07:49.6095462Z,OnTime,16.062,25.159,12.368,0.1345
120,2026-09-13T18:07:49.7498490Z,OnTime,44.354,27.558,13.363,0.1333
120,2026-09-13T18:07:49.7507071Z,Duplicate,,,,0.1333
121,2026-09-13T18:07:49.8574588Z,OnTime,46.719,29.953,12.676,0.1322
123,2026-09-13T18:07:50.0745501Z,OnTime,47.550,32.153,11.936,0.1301
122,2026-09-13T18:07:50.1204574Z,Lost,,,,0.1382
122,2026-09-13T18:07:50.1664365Z,Late,,,,0.1371
124,2026-09-13T18:07:50.1666318Z,OnTime,31.133,32.025,12.216,0.1371
124,2026-09-13T18:07:50.1666679Z,Duplicate,,,,0.1371
125,2026-09-13T18:07:50.2741896Z,OnTime,30.609,31.848,11.485,0.1360
126,2026-09-13T18:07:50.3817359Z,OnTime,30.556,31.687,10.770,0.1349
127,2026-09-13T18:07:50.4761444Z,OnTime,15.256,29.633,11.053,0.1339
127,2026-09-13T18:07:50.4762254Z,Duplicate,,,,0.1339
128,2026-09-13T18:07:50.6180698Z,OnTime,47.476,31.863,12.376,0.1328
129,2026-09-13T18:07:50.7117765Z,OnTime,31.309,31.794,12.613,0.1318
130,2026-09-13T18:07:50.8365586Z,OnTime,45.577,33.517,12.717,0.1308
131,2026-09-13T18:07:50.9159723Z,OnTime,15.897,31.315,13.777,0.1298
133,2026-09-13T18:07:51.1321186Z,OnTime,15.745,29.368,12.925,0.1278
132,2026-09-13T18:07:51.1795099Z,Lost,,,,0.1353
132,2026-09-13T18:07:51.2114283Z,Late,,,,0.1353
134,2026-09-13T18:07:51.2723668Z,OnTime,46.857,31.554,14.062,0.1343
135,2026-09-13T18:07:51.3497582Z,OnTime,15.496,29.547,15.143,0.1333
136,2026-09-13T18:07:51.4593293Z,OnTime,16.065,27.862,14.232,0.1324
137,2026-09-13T18:07:51.5685813Z,OnTime,15.226,26.282,13.395,0.1314
138,2026-09-13T18:07:51.6775534Z,OnTime,16.240,25.027,12.621,0.1304
139,2026-09-13T18:07:51.8021690Z,OnTime,30.767,25.745,12.740,0.1295
140,2026-09-13T18:07:51.9281989Z,OnTime,48.054,28.533,13.025,0.1286
141,2026-09-13T18:07:52.0221148Z,OnTime,31.675,28.926,13.234,0.1277
142,2026-09-13T18:07:52.1175011Z,OnTime,16.274,27.345,13.370,0.1268
144,2026-09-13T18:07:52.3363976Z,OnTime,15.639,25.881,12.574,0.1250
143,2026-09-13T18:07:52.3663126Z,Lost,,,,0.1319
145,2026-09-13T18:07:52.4584593Z,OnTime,30.067,26.405,12.690,0.1310
143,2026-09-13T18:07:52.4893482Z,Late,,,,0.1310
146,2026-09-13T18:07:52.5829271Z,OnTime,46.647,28.935,12.933,0.1301
147,2026-09-13T18:07:52.6907338Z,OnTime,45.934,31.060,12.169,0.1293
148,2026-09-13T18:07:52.7838252Z,OnTime,31.781,31.150,12.293,0.1284
149,2026-09-13T18:07:52.8766603Z,OnTime,15.482,29.192,12.543,0.1275
150,2026-09-13T18:07:53.0018714Z,OnTime,31.272,29.452,12.746,0.1267
151,2026-09-13T18:07:53.1264661Z,OnTime,47.359,31.690,12.955,0.1258
151,2026-09-13T18:07:53.1265340Z,Duplicate,,,,0.1258
152,2026-09-13T18:07:53.2359958Z,OnTime,46.667,33.562,12.189,0.1250
153,2026-09-13T18:07:53.3137628Z,OnTime,15.561,31.312,13.371,0.1242
154,2026-09-13T18:07:53.4551592Z,OnTime,47.031,33.277,14.502,0.1234
155,2026-09-13T18:07:53.5645553Z,OnTime,48.408,35.168,13.682,0.1226
156,2026-09-13T18:07:53.6594930Z,OnTime,31.294,34.684,13.896,0.1218
158,2026-09-13T18:07:53.8594986Z,OnTime,15.341,32.266,14.025,0.1203
157,2026-09-13T18:07:53.9202133Z,Lost,,,,0.1266
159,2026-09-13T18:07:53.9982971Z,OnTime,47.691,34.194,15.170,0.1258
160,2026-09-13T18:07:54.0928697Z,OnTime,31.341,33.838,15.244,0.1250
161,2026-09-13T18:07:54.2184377Z,OnTime,48.004,35.608,15.333,0.1242
162,2026-09-13T18:07:54.3105893Z,OnTime,30.388,34.956,15.475,0.1235
163,2026-09-13T18:07:54.4207278Z,OnTime,31.967,34.582,14.607,0.1227
164,2026-09-13T18:07:54.5138499Z,OnTime,15.828,32.238,14.703,0.1220
165,2026-09-13T18:07:54.6227065Z,OnTime,15.743,30.176,13.789,0.1212
166,2026-09-13T18:07:54.7625315Z,OnTime,46.759,32.249,14.866,0.1205
167,2026-09-13T18:07:54.8556681Z,OnTime,30.801,32.068,14.934,0.1198
168,2026-09-13T18:07:54.9637546Z,OnTime,30.924,31.925,14.008,0.1190
169,2026-09-13T18:07:55.0896055Z,OnTime,46.862,33.792,14.129,0.1183
170,2026-09-13T18:07:55.1844923Z,OnTime,31.880,33.553,14.182,0.1176
171,2026-09-13T18:07:55.3088503Z,OnTime,44.460,34.916,14.082,0.1170
172,2026-09-13T18:07:55.3859584Z,OnTime,15.697,32.514,15.000,0.1163
173,2026-09-13T18:07:55.5257238Z,OnTime,46.984,34.323,16.018,0.1156
174,2026-09-13T18:07:55.6038176Z,OnTime,15.767,32.003,16.968,0.1149
175,2026-09-13T18:07:55.7438957Z,OnTime,46.108,33.766,17.803,0.1143
176,2026-09-13T18:07:55.8384098Z,OnTime,30.834,33.400,17.645,0.1136
177,2026-09-13T18:07:55.9635155Z,OnTime,46.384,35.023,17.514,0.1130
178,2026-09-13T18:07:56.0703990Z,OnTime,46.736,36.487,16.442,0.1124
179,2026-09-13T18:07:56.1471096Z,OnTime,15.980,33.924,17.336,0.1117
180,2026-09-13T18:07:56.2577325Z,OnTime,16.204,31.709,16.267,0.1111
181,2026-09-13T18:07:56.3828617Z,OnTime,31.986,31.743,16.237,0.1105
182,2026-09-13T18:07:56.4760368Z,OnTime,15.453,29.707,16.255,0.1099
183,2026-09-13T18:07:56.5994115Z,OnTime,30.868,29.852,16.203,0.1093
184,2026-09-13T18:07:56.8480682Z,Lost,,,,0.1135
185,2026-09-13T18:07:56.9717958Z,Lost,,,,0.1183
186,2026-09-13T18:07:57.0967812Z,Lost,,,,0.1230
187,2026-09-13T18:07:57.1594832Z,Lost,,,,0.1277
188,2026-09-13T18:07:57.1595711Z,OnTime,46.836,31.975,16.188,0.1277
185,2026-09-13T18:07:57.1596279Z,Late,,,,0.1277
186,2026-09-13T18:07:57.2220340Z,Late,,,,0.1270
189,2026-09-13T18:07:57.2536295Z,OnTime,31.780,31.951,16.117,0.1270
187,2026-09-13T18:07:57.3614314Z,Late,,,,0.1263
191,2026-09-13T18:07:57.4715063Z,OnTime,31.561,31.902,15.124,0.1257
191,2026-09-13T18:07:57.4715638Z,Duplicate,,,,0.1257
190,2026-09-13T18:07:57.5326949Z,Lost,,,,0.1309
192,2026-09-13T18:07:57.5798539Z,OnTime,32.030,31.918,14.208,0.1302
192,2026-09-13T18:07:57.5799141Z,Duplicate,,,,0.1302
193,2026-09-13T18:07:57.6728023Z,OnTime,16.299,29.966,14.303,0.1295
194,2026-09-13T18:07:57.7984354Z,OnTime,31.714,30.184,14.372,0.1289
195,2026-09-13T18:07:57.9228826Z,OnTime,46.191,32.185,14.379,0.1282
196,2026-09-13T18:07:58.0316433Z,OnTime,46.574,33.984,13.504,0.1276
197,2026-09-13T18:07:58.1267316Z,OnTime,32.075,33.745,13.566,0.1269
198,2026-09-13T18:07:58.2485742Z,OnTime,46.090,35.288,13.594,0.1263
199,2026-09-13T18:07:58.3426001Z,OnTime,32.155,34.897,13.616,0.1256
200,2026-09-13T18:07:58.4362256Z,OnTime,15.588,32.483,13.800,0.1250
